record_id,provider_name,provider_domain,metric_label,raw_score,weighted_score,status_label,evidence_ref,limitation_note,manual_review_required
pb_rec::advanced_fx_providers_engine::metric_traceability,advanced_fx_providers_engine,provider_domain_fx,metric_traceability,0.94,0.094,benchmark_pass,Phase 114 FX lineage registry: source-to-canonical link and transformation audit trail intact,Derived from Phase 114 lineage audit trail; internal auditability evaluation only,False
pb_rec::advanced_commodity_providers_engine::metric_traceability,advanced_commodity_providers_engine,provider_domain_commodity,metric_traceability,0.92,0.092,benchmark_pass,Phase 114 Commodity lineage: contract specs and unit normalization audit complete,Derived from Phase 114 lineage audit trail; internal auditability evaluation only,False
pb_rec::advanced_macro_providers_engine::metric_traceability,advanced_macro_providers_engine,provider_domain_macro,metric_traceability,0.9,0.09,benchmark_pass,Phase 114 Macro lineage: statistical agency provenance and revision history mapped,Derived from Phase 114 lineage audit trail; internal auditability evaluation only,False
pb_rec::advanced_economic_calendar_engine::metric_traceability,advanced_economic_calendar_engine,provider_domain_calendar,metric_traceability,0.93,0.093,benchmark_pass,Phase 114 Calendar lineage: release event timestamp and revisions fully auditable,Derived from Phase 114 lineage audit trail; internal auditability evaluation only,False
pb_rec::advanced_news_metadata_engine::metric_traceability,advanced_news_metadata_engine,provider_domain_news_metadata,metric_traceability,0.89,0.089,benchmark_pass,Phase 114 News metadata lineage: source headline time and metadata-only provenance recorded,Derived from Phase 114 lineage audit trail; internal auditability evaluation only,False
pb_rec::manual_file_provider_adapter::metric_traceability,manual_file_provider_adapter,provider_domain_cross_domain,metric_traceability,0.72,0.072,benchmark_manual_review_required,Phase 114 source reference logs local file paths without external hashes,Derived from Phase 114 lineage audit trail; internal auditability evaluation only,True
pb_rec::local_cache_provider_adapter::metric_traceability,local_cache_provider_adapter,provider_domain_cross_domain,metric_traceability,0.93,0.093,benchmark_pass,Phase 114 snapshot timestamps and cache keys trackable end-to-end,Derived from Phase 114 lineage audit trail; internal auditability evaluation only,False
pb_rec::official_api_provider_placeholder::metric_traceability,official_api_provider_placeholder,provider_domain_cross_domain,metric_traceability,0.82,0.082,benchmark_manual_review_required,Phase 114 API endpoint contracts and dry-run payloads mapped,Derived from Phase 114 lineage audit trail; internal auditability evaluation only,True
pb_rec::licensed_vendor_provider_placeholder::metric_traceability,licensed_vendor_provider_placeholder,provider_domain_cross_domain,metric_traceability,0.84,0.084,benchmark_manual_review_required,Phase 114 vendor feed schema references registered in provenance graph,Derived from Phase 114 lineage audit trail; internal auditability evaluation only,True
