research_rank,provider_name,provider_domain,total_score,research_tier,status_label,coverage_score,capability_score,quality_score,normalization_score,traceability_score,compliance_score,official_approval,disclaimer
1,advanced_fx_providers_engine,provider_domain_fx,0.954,tier_1_high_suitability,benchmark_pass,0.94,0.92,0.95,0.96,0.94,1.0,False,"Research ranking only; not an official approval, endorsement, or trading recommendation"
2,advanced_economic_calendar_engine,provider_domain_calendar,0.9385,tier_1_high_suitability,benchmark_pass,0.92,0.89,0.94,0.93,0.93,1.0,False,"Research ranking only; not an official approval, endorsement, or trading recommendation"
3,advanced_commodity_providers_engine,provider_domain_commodity,0.927,tier_1_high_suitability,benchmark_pass,0.9,0.88,0.92,0.93,0.91,1.0,False,"Research ranking only; not an official approval, endorsement, or trading recommendation"
4,advanced_macro_providers_engine,provider_domain_macro,0.914,tier_1_high_suitability,benchmark_pass,0.88,0.85,0.9,0.92,0.91,1.0,False,"Research ranking only; not an official approval, endorsement, or trading recommendation"
5,advanced_news_metadata_engine,provider_domain_news_metadata,0.8965,tier_2_moderate_suitability,benchmark_pass,0.85,0.83,0.88,0.89,0.9,1.0,False,"Research ranking only; not an official approval, endorsement, or trading recommendation"
6,local_cache_provider_adapter,provider_domain_cross_domain,0.8815,tier_2_moderate_suitability,benchmark_pass,0.75,0.78,0.88,0.91,0.93,1.0,False,"Research ranking only; not an official approval, endorsement, or trading recommendation"
7,licensed_vendor_provider_placeholder,provider_domain_cross_domain,0.7645,tier_2_moderate_suitability,benchmark_pass_with_warnings,0.85,0.88,0.85,0.86,0.84,1.0,False,"Research ranking only; not an official approval, endorsement, or trading recommendation"
8,official_api_provider_placeholder,provider_domain_cross_domain,0.762,tier_2_moderate_suitability,benchmark_pass_with_warnings,0.8,0.85,0.82,0.85,0.82,1.0,False,"Research ranking only; not an official approval, endorsement, or trading recommendation"
9,manual_file_provider_adapter,provider_domain_cross_domain,0.5775,tier_3_conditional_suitability,benchmark_pass_with_warnings,0.6,0.65,0.7,0.68,0.72,0.95,False,"Research ranking only; not an official approval, endorsement, or trading recommendation"
