component,target_path,exists,status,phase
Phase 143 Explainability Attribution,advanced_explainability_attribution,True,HEALTHY,144
Phase 142 Model Drift Monitoring,advanced_model_drift_monitoring,True,HEALTHY,144
Phase 141 Calibration Uncertainty,advanced_calibration_uncertainty,True,HEALTHY,144
Phase 140 Ensemble Model Registry,advanced_ensemble_model_registry,True,HEALTHY,144
Phase 139 GPU Training Governance,advanced_gpu_training_governance,True,HEALTHY,144
Phase 138 Baseline ML Models,advanced_baseline_ml_models,True,HEALTHY,144
Phase 137 ML Dataset Registry,advanced_ml_dataset_registry,True,HEALTHY,144
Phase 136 GPU ML Runtime,advanced_gpu_ml_runtime,True,HEALTHY,144
Phase 135 Regime Acceptance,advanced_regime_acceptance,True,HEALTHY,144
Phase 134 FeatureStore Integration,advanced_regime_featurestore_integration,True,HEALTHY,144
FeatureStore Module,ml\feature_store.py,True,HEALTHY,144
DataLake Module,data\storage\data_lake.py,True,HEALTHY,144
Model Governance Package,advanced_model_governance,True,HEALTHY,144
Scripts Directory,scripts,True,HEALTHY,144
Tests Directory,tests,True,HEALTHY,144
Docs Directory,docs,True,HEALTHY,144
Config Directory,config,True,HEALTHY,144
